word,value
gold,0.004454755522580761
schweiz,3.3326960847946366e-05
responsibility,2.872012025873774e-05
sich,0.00022912565268259037
brennpunkt,0.0015378826532682643
(remix),0.009100037414908935
digital,0.004883712081533792
dane,7.632526972215983e-06
schreiben,1.0170374396663388e-07
martins,7.79728703744193e-07
it's,0.0623438101097277
privacy,0.00021436640535815244
whitesnake,0.03281499098106793
med,2.5080821287131694e-05
impfen,2.597581423403807e-05
drama),0.009753001216123196
schuld?!,4.596059992348163e-05
lernt,1.076161216158942e-05
zucker,3.711508629822359e-05
krieg!,5.000434078359499e-06
ozonschicht?!,2.2088697139633323e-05
weg,0.007035663973211158
wladimir,4.462760285255895e-05
skyrim,0.00642777154218563
polizei,0.004650526415392054
bonbon,0.013002772814262159
with,0.01521451057380535
brd,5.879968056182949e-05
christmas,0.09665169795031116
erstes,3.6213991126679216e-05
burger-kette,0.00013472627160764013
video],0.2623291841717964
youtube?,0.00022450830270650518
sweet,0.03603868980740361
simons,0.16096383873345024
sorry,0.5962294192591869
birgitta,2.5080821287131694e-05
stoppen!,0.00021111866580081795
geschwindigkeit,4.149512753838662e-06
thomas,1.070872621472677e-05
"girls""",0.050744984738532804
✪,0.00018516590441541232
grande,0.3904909933883223
ade!,1.7474737288347032e-05
nico,0.00045006279792594715
who’s,0.00731864345338648
ott,0.004237302069580741
revolutionäre,1.1723729579513776e-05
grundgesetz,1.1335221277561235e-05
ampelmännchen,0.00014730160053663452
rohlexxx,0.00010338321179200289
"""auseinandergehen",0.0013651822377383624
...,9.142929273864464e-05
kreationismus?,1.571390646780471e-05
"papiergeldsystems""",3.872946372745396e-05
studium,2.5080821287131694e-05
fly!,6.929618496414588e-05
mutiger,0.00201477218675277
ehe,4.080150800453418e-05
reichtum,0.0001150879566726429
cena!!,0.009813498671184308
about,0.010112902288972804
dass,0.003559685450335208
"diebstahl"")",3.8463677943221154e-05
gehirn,0.0001087491013236825
geistige,3.404837940514969e-05
"nur,",0.0004805312055434713
ku,0.0001308994987346556
führungsmacht,1.748965383746214e-05
erste,0.0001994695189668797
parlament,1.4713141627173034e-07
ja,6.875986722096184e-05
/jesus,0.00013436013812936025
fair,7.800575458496852e-05
soziales,0.0019057952690426025
globus,1.7474737288347032e-05
brd?,7.1341108242835e-05
negative,6.3056321259313e-08
jovi,0.192828087521344
20.,0.0003688815134418604
neu,1.8821972883425044e-06
01.02.2013:,1.4779588073231235e-05
voll,0.0003688815134418604
entlarvt,0.0001208165895578035
augstein,2.3129465452891878e-05
grönemeyer,0.00033334520826247885
"""wer",0.00017228862837099696
love?,0.10661731219924651
bankster,3.706491245120005e-05
blöd,0.0019131450596065914
sax,0.011224967638851805
"betrug!!!!""",6.211522261514176e-05
dragons,0.12799642028314975
masern,2.597581423403807e-05
not,0.03603868980740361
student,3.051112318999016e-08
schmidt-salomon,0.00010589258216813965
dynamit,1.652007814498023e-05
ganz,0.00011910389850940539
casimir-effekt?,3.076809464974586e-05
الاسلامي,0.00013436013812936025
"terror,",1.49558745627734e-05
i̇stanbul,0.0027362877015253413
geheime,0.00021009823823635272
scene,0.0031109920933217717
behaind,9.08682270844287e-05
stephen,0.00012296592868029835
„tage,0.017986267117026576
„der,2.5999545107630285e-05
muttikulti,7.084750607211695e-05
ostfriesland,1.8842313632218371e-06
dirk,0.00015726427328728603
"geistes,",1.8785359535597055e-05
wilhelm,0.00012406500714009778
peas,0.10661731219924651
"terror""",9.248260451365907e-06
sabatina,6.756383119191422e-05
entrich,7.051459581686615e-08
menschen,8.014288925818738e-05
ndr,2.6571798173682545e-06
aids.avi,7.645002631475891e-05
professoren,0.00012406500714009778
finale],0.009753001216123196
5.,0.006120233658954684
thüringen,1.3823572879944878e-05
"wissen,",0.0037335512212647278
187,1.958949713789324e-05
[german,0.002455533838280489
dj,0.00018760950637045063
let's,2.4231934037490187e-05
"""schüler",1.0170374396663388e-07
relativitätstheorie,5.7303279475600414e-05
knowledge,0.0008002620116260967
meiner,0.0020904414673263453
natur“,8.98505116198026e-05
lange,0.000419243851404218
"""atlantis",0.006808706305337456
aufbau,7.362503531984571e-05
1+2,0.0027344950035316897
deutschland:,0.0003928344402084021
nächsten,7.084750607211695e-05
angela,0.00010322930012613339
manfred,3.565190843502362e-05
wolf?,8.509484455192279e-05
liechtenstein),0.010789245746850114
hannover,9.399460017396303e-06
кіт,5.424199678220474e-09
vw-skandal,0.00011970530664872808
"run-dmc,",0.009917493461490031
firma,2.965681174067044e-06
dr.,4.423276631764848e-05
бід,5.424199678220474e-09
radioaktivität?,0.00010120810772103649
wann,2.9966669147288785e-05
[official,0.2623291841717964
julia,0.0031179635459582045
30,0.02097096689121538
gefaked,0.001279024928074468
edeka,0.022225949732241096
tv),0.0019131450596065914
tim,0.00989549155154525
genervt,3.5064060794896476e-05
ernährung,3.494337235205607e-05
amerika,0.004537499315584655
integrationstest,0.019202277761389237
club,3.706491245120005e-05
akboga),0.0027950304279905497
natur,8.509484455192279e-05
life,0.11307939553353417
andree,3.1867173109545284e-08
bryan,0.0012216307932542574
blum:,9.565372725053872e-05
14,0.00019180648087147373
"kabarett,",0.0002431682276245434
"""es",0.00013525784317610574
spongebozz,0.009753001216123196
iphone,0.001532616433405672
m.i.a.,0.050744984738532804
schon,0.0002139751849563608
thunderstruck,0.0978001868010294
unternehmenswissen,4.990263703962836e-07
waffengesetz,1.2229536199507835e-05
dich,0.009282826163815368
iglesias,0.06483286463027321
supergeil,0.0054057502800524465
bundez,0.00018203342910123998
2011,0.02686982517479437
gopro:,0.008654160743084656
lewis,0.5812815806482369
6,2.1113697247473195e-06
süß!,5.3589736770898724e-05
dmt?,9.272601547421922e-05
"egal""",0.0027950304279905497
film),0.00039035931009273416
spektrum,4.3664807409674814e-07
vorhersehbar,1.131962670348635e-05
school,2.712099839110237e-08
schwer!,4.3664807409674814e-07
turtur,0.00018494419025356506
alkohol,0.00018760950637045063
kassensymphonie,0.02410311878748189
"dürft,",1.076161216158942e-05
politikversagen,0.00023805185127806193
05.01.2014,1.980849919990139e-05
gefahr,2.391529638127407e-05
unvermeidlich,5.3362598409373243e-05
jahre,3.862640393356777e-05
halt,0.00019876098288391215
ist!,8.851683652392014e-05
österreich,0.00011167240593776345
ozon,2.2088697139633323e-05
unglaubliche,9.272601547421922e-05
wenn,0.0003460000921200872
diversity,3.051112318999016e-08
..,0.00201477218675277
vortrag,1.2068437469064689e-05
kenfm,0.0001554401036350845
steuert,0.00015595319902339617
│die,5.492341186678118e-05
linke:,4.2553524500599397e-05
quantenphysik,0.00013106256373748208
widerlich!,3.1479342832552516e-05
hitler,3.146849443319608e-05
rechten,9.17659321311742e-05
tv,0.0029576178752370496
fler,0.007883230769243495
"das,",1.076161216158942e-05
wirklichkeit?,5.6903244749331655e-05
--,0.007397292992670758
denken,0.009282826163815368
basics-part,5.5328192767768385e-05
oder,0.00011745155168242747
science?,1.2087828982914326e-05
funktioniert,9.172683269182703e-05
crossfit?,0.009379880012607847
gekommen...,0.00022744618485722134
fracking,2.8630281951567215e-05
hq,0.0003688815134418604
gewinn,0.00013472627160764013
berichterstattung,0.0001732130023994937
ok,4.898052309433087e-06
keiner,0.00014512785251558766
krass,6.00018188155151e-05
nicht?,4.152089248685817e-05
republic,0.0007388444766945661
parade,0.0007388444766945661
spitzer,3.565190843502362e-05
chomsky:,3.804059036831996e-05
game,0.005198715697596849
mv,0.03603868980740361
kerstin,0.004237302069580741
cro,0.014671540049715963
felix,5.440472277255135e-06
i,0.06004004247262256
doku,0.00012503373530137999
02.03.2015,0.00014730160053663452
oynadık,0.0027362877015253413
tech-up,5.179364865244797e-05
vs.,0.001679112916970624
gaza?,1.958949713789324e-05
rether,0.00019876098288391215
stein,1.5109786228642908e-05
hysterie?,0.0001084772133148117
birthday,0.04522142863875645
auftakt,7.90577103100634e-07
arsch,3.8153142511643036e-05
jentsch,0.00011569343296172426
lone,0.0005820593410455228
gegenstandpunkt),1.4300902451628278e-05
mean,0.01392366292450724
gefälscht?,1.5991896701313513e-05
"video,",2.4705195459414924e-05
guter,3.74079930808475e-05
unbedingt,0.0002431682276245434
(dr.,6.696852527722952e-05
(prod.,0.006475113278952178
durch,6.756383119191422e-05
gretel,0.010366613804721888
"wahl,",2.2449406418234985e-05
22,0.0005820593410455228
garten,2.6844364207513123e-05
"kult,",8.706518508503638e-06
(quarks,1.9871555521160705e-05
"irre""",0.00017145657874118996
rolls,2.383935758577898e-05
elektronenkonfiguration,4.13961358942591e-05
vorhersage,7.084750607211695e-05
➤,0.00023665783196075927
bearbeitet),0.00028929697773804984
(purpose,0.5962294192591869
f.,0.00019515660219773464
zentrales,0.0001087491013236825
meyle,0.003216046636639626
und,0.0008106226591986154
looks,0.0050231214715386165
archery,0.02437436809684058
dummies:,3.647503073619358e-05
#12,3.969971744489565e-05
lösung:,1.4731448301087028e-05
das,0.0006418623900638295
birkenbihl),0.00019515660219773464
tease,0.005198715697596849
harald,5.1188596128966474e-05
wege,5.214689965649208e-06
"""is",0.0027950304279905497
reich,5.314924655536323e-05
rupert,2.524286925251853e-05
maus,0.001176669263109008
cognitive,1.2087828982914326e-05
politik?,8.937725019787785e-06
silke,2.5080821287131694e-05
weil,0.00015671326500330682
microsoft,5.179364865244797e-05
schauberger,3.864742270732087e-05
anita,0.0012465482105260828
genau,4.140495021873621e-05
at,0.01422609833090338
staatssimulation,4.0817102578609065e-05
qualifikation,0.00010338321179200289
gerald,4.903634714935256e-05
"""null",0.00019515660219773464
duty,0.0007734393442172965
actual,0.00720418809400131
[tatsache,1.036428953515977e-05
this,0.09688941485725909
opus,0.03333070354572434
wolfgang,1.308000550738882e-05
autismus,1.1723729579513776e-05
deutsche,0.00028675099401408513
rockt,4.3664807409674814e-07
da,0.0006311589705244546
implizit,4.0817102578609065e-05
regelung?,4.203551343132934e-05
schweizer,9.837565845156574e-05
gta,0.005223419197993864
zuckerlüge,2.904319915207175e-05
problem!,2.0766548468067083e-05
wahre,4.681626742272091e-05
klüger?,9.203714211508522e-05
wecker:,0.00028853148755846096
konstantin,0.00028853148755846096
daniel,0.0012216307932542574
maybrit,2.9875135777718815e-05
break,0.3904909933883223
dittberner,0.003582953741398614
zu,0.0003007250884351006
produzent,6.0099454409723074e-05
henning,3.1867173109545284e-08
wo,7.705030441248197e-05
busters,2.546797353916468e-05
insider,8.364319311303904e-05
feld,1.2204449275996066e-06
einer,4.028756508502279e-05
problem,2.291566158224202e-05
(live,0.00731864345338648
p.m.,0.00022898462349095662
better,0.001278129257102602
hd),0.005495272627591716
plan!,1.5109108203683129e-05
erklärung,1.92674352819989e-05
merkel:,4.590907002653854e-06
nazis,0.002492903861963589
welzer,1.980849919990139e-05
geschichte,0.00021009823823635272
schön,0.01001290377778001
season,0.005198715697596849
talent,0.0007811589973968438
lettland!,0.006808706305337456
strohm:,3.4521640827074426e-05
world,0.01521451057380535
enteignung,5.3362598409373243e-05
um,2.1302866211251134e-05
coeln:,5.440472277255135e-06
choir),0.00011475911456715079
kinder,0.0012346532796442251
"muscheln,",9.90865676218925e-06
05,4.068149758665356e-09
geil,0.011621709197890927
ausgabe,1.9323711353660438e-07
sollte!,9.272601547421922e-05
typisch,3.679777061704769e-05
einsplus,2.1302866211251134e-05
wahnvorstellung?,0.00010589258216813965
tegan,0.02950474565874145
menschheit,0.00028929697773804984
newtons,0.00023665783196075927
fluch,3.969971744489565e-05
men,0.0031109920933217717
(official,0.046797999889338686
denk,0.0008222711538371162
cooler?,1.2229536199507835e-05
true,0.014577694615033152
15.2.16,1.4443287693181566e-05
jörg,2.1113697247473195e-06
usa,8.931978758253671e-05
#76,6.929618496414588e-05
asklepios,2.9966669147288785e-05
osm?,8.30973830204181e-05
zukunft,6.8439839439946826e-06
rund?,5.410774784016878e-05
/,9.581102904120711e-05
wanz,0.5812815806482369
(portrait),5.163702488673936e-05
corporate,2.872012025873774e-05
regen,1.8068009128152397e-05
ryan,0.5812815806482369
illuminati,0.010124469394786608
netz,8.509484455192279e-05
öh,3.2884210549211623e-07
gesendet,0.019202277761389237
stiftung?,9.968322958649676e-06
destabilisierungsmechanismus,4.7537685979924234e-05
spielen,1.5991896701313513e-05
spice-,1.8760950637045062e-05
005,5.147294284647318e-05
cascadia,0.008654160743084656
exa,8.166132615560924e-06
marcel,6.00018188155151e-05
finale,0.0007811589973968438
jaenicke,2.5999545107630285e-05
movie,0.015695767605068262
soziale,4.052148369614605e-05
terror,1.49558745627734e-05
money,0.001858459973513172
muss,0.004648634725754275
(1987),2.3750536316048122e-05
klein!,2.3872580808808083e-05
live,0.014330779998161411
compilation,0.009813498671184308
zelda,0.01766156299786398
krankheit,2.8407211739800397e-05
doof,1.8891809454282132e-05
unterwerfung,0.0001236358173405586
auf,0.0002990390663684537
dueck,1.2598381777626828e-05
hangover,0.16792359543932694
rache,0.00011569343296172426
teil,7.44361565792276e-05
des,0.002412592347897905
100%iger,8.851683652392014e-05
tot,6.444423835197768e-05
kauft,2.307929160586834e-05
clauss,7.1341108242835e-05
luzifer,4.681626742272091e-05
helmut,0.00012598178370138894
so,0.004181913242009427
king,0.00013472627160764013
"arbeitet,",1.1235551608473933e-05
zeigt:,0.00022819269033793645
euro,2.9214230948175638e-05
türken,0.002276313534737366
award,0.0007811589973968438
"""otto-turm""",1.8842313632218371e-06
rolling,0.045439857091648626
kruse:,1.748965383746214e-05
agent,1.8510081401927368e-07
explain,8.937725019787785e-06
germanletsplay,0.00018516590441541232
best,0.013737530834524146
–,3.29400628552733e-05
(compact,7.1341108242835e-05
erziehung,4.1495805563346404e-05
abreiteplatz,0.00010063924477978311
planet,9.257074775843016e-05
feigheit,2.2795199147721542e-05
dunkle,0.00022819269033793645
hohn«,4.2553524500599397e-05
(kurzfilm,0.00014319751545510096
flüchtlingslager,0.00021569262217947737
einstürzende,4.4694049298617146e-05
social,2.872012025873774e-05
roxette,0.06855184509515232
hagen,0.00019876098288391215
genommen,0.0022194611418600175
"was""",0.0002475279281159131
"menschenbild?""",2.1810028881164746e-05
neuen,1.49558745627734e-05
bankenmafia,3.706491245120005e-05
wackel,0.0021033439432984326
qie-was,2.3591200450500394e-05
wham!,0.09665169795031116
praktische,9.832717966694164e-06
inna,0.043123191579455065
"physik.""",0.000514290068290796
template,1.213664678001831e-07
gefragt,0.005524268704009084
bon,0.192828087521344
media,0.0001084772133148117
sagt:,3.1479342832552516e-05
of,0.009753847662482983
islam?,6.00018188155151e-05
soll,5.3589736770898724e-05
finden,0.0003359166179224353
theory,0.0016000460156555501
might,0.0030668221573170625
official,0.016239031374952754
zur,3.600176931426884e-05
ttip,9.322549386125535e-05
vierte,0.0001236358173405586
staat,4.0817102578609065e-05
guy,1.0170374396663388e-08
rastet,0.00339249042797246
(portrait,2.1596451018834816e-05
rené,3.8463677943221154e-05
zurück,2.103436832717922e-05
blome,1.4779588073231235e-05
gewinner,0.001314883634122224
krieg,0.0002201906397626417
everything.,0.0050231214715386165
nachtstudio:,6.218844931079774e-05
welches,1.3474729038139323e-05
danny,0.008654160743084656
2014,0.0015336046547845478
bibisbeautypalace,0.00201477218675277
schachtschneider,4.938869412011697e-05
zahnimplantat,1.471992187677081e-05
sinn:,2.391529638127407e-05
michaels,0.02097096689121538
free,0.3904909933883223
network,3.051112318999016e-08
liebe?,0.00016230832697139124
dumme,1.1235551608473933e-05
ліжко,5.424199678220474e-09
todfeind,3.872946372745396e-05
kung,0.01533518511713408
erklären:,0.00012406500714009778
aus!,0.00015595319902339617
mir,0.0027950304279905497
illusion?,5.5417014037499246e-05
must,0.06855184509515232
ac/dc,0.0978001868010294
premiere],0.0027518266775535235
audiovortrag,5.6903244749331655e-05
wasserstoff,3.3326960847946366e-05
rüden,0.00013472627160764013
holger_kalweit_1,9.276059474716788e-05
fettes,0.00019442908141589332
invisible?,0.0009627669658358234
un,3.827993317912144e-05
taff,0.0006952423865936707
sieg,9.08682270844287e-05
wird,0.0001855828897656755
1/8,0.00010103995753101165
segen?,3.969971744489565e-05
viel,0.001279024928074468
bescheidenheit?,2.103436832717922e-05
?!,0.0010307942270877456
maiwald,3.437925558552114e-05
sankt,0.004162928833717781
wagenknecht:,1.49558745627734e-05
ist.,4.774990779233461e-05
#zukunftstour,1.464533913119528e-07
bebe,0.013511554607779721
wohnung,6.968672734097775e-05
los,3.320288228030707e-05
hartz,3.1479342832552516e-05
bewusstseins,1.8785359535597055e-05
what,0.00649836767050391
preisträger,2.6510775927302566e-07
droge?,3.711508629822359e-05
blutgeld,0.0001150879566726429
anne,2.8193633877470467e-05
still,9.17659321311742e-05
interface,1.213664678001831e-07
klimawandel,5.1478367046151405e-05
schoßhündchen,6.047508023743984e-05
shred:,0.02097096689121538
longboardtour,5.3589736770898724e-05
die?,5.540480958822325e-05
wählen,1.4300902451628278e-05
mtv,0.014671540049715963
ist),2.2254813254778825e-05
rechte,4.080150800453418e-05
unschärferelation,3.2538417819725066e-05
enissa,0.001668345503928823
bryan's,0.0012216307932542574
test),0.00731864345338648
full,0.0008002620116260967
been,0.06855184509515232
18,1.4731448301087028e-05
vorbei,1.3744243959650903e-05
4-year-old,0.00731864345338648
eigentlich,2.7137542200120943e-05
uthoff,0.00011569343296172426
2015,0.0010080512735299802
leben,0.002822815755237242
suzanne,0.012473701801848211
[komplett],0.00339249042797246
ungeimpfte,6.295936369006482e-05
lindner,5.478984094970501e-05
anja,2.6571798173682545e-06
"""angela",0.0001855828897656755
2015/2016,1.464533913119528e-07
(1/15),3.090098754186226e-05
25,8.809069783669994e-05
everything,0.02950474565874145
"""verarmung",0.00011403566193506813
liebe,0.002254839467223771
spielfeld,0.00021569262217947737
sdp,0.009107383137323165
enrique,0.06483286463027321
│,2.844314706266861e-06
test,0.003990405382702381
lionel,0.031682390967257106
zeit-journalist,3.612788195678746e-05
"europa,",1.937252915076442e-05
"welt,",7.874920895336461e-05
kommission,1.4713141627173034e-07
new,0.012196282804368025
backofen,4.203551343132934e-05
unterschied?!,9.977069480630806e-05
182,4.050995727182983e-05
sind,0.0010075352588675363
"""papst",3.997702965344467e-05
betrugssystem-mai,6.875986722096184e-05
staiger,3.612788195678746e-05
gezieltes,7.79728703744193e-08
haridwar.wmv,2.373087359221457e-08
hd,0.027741297209837746
besser,0.00041541233235651496
ariana,0.3904909933883223
gleich,0.00021111527567601907
[official],2.965681174067044e-06
vision,7.79728703744193e-07
cesaro,0.0012216307932542574
ladung?,5.842880090883116e-05
begründet,6.756383119191422e-05
land,7.872005388009418e-05
november,0.01805501545782322
ellie,0.5106186234778219
broder:,7.298735284517491e-05
weißt,0.014108191485460463
bei,0.0004845776585034238
friedensvertrag,1.5585759750406753e-05
groß,4.680423247968486e-05
eingestellt,1.8760950637045062e-05
03.07.2015,1.937252915076442e-05
loesung,2.3750536316048122e-05
knie:,2.9966669147288785e-05
ewiges,3.969971744489565e-05
regelungstechnik,4.203551343132934e-05
"übertragung,",5.879290031223172e-05
(skrillex,0.02785285243046163
aus,0.0006036548880310779
riester-rente,4.2553524500599397e-05
haag,4.0817102578609065e-05
herles,3.956275640302058e-06
engerer),0.0044489353563260305
"internet,",9.565372725053872e-05
2,0.008973637425412356
campus,0.006120233658954684
unaufhaltbar,1.1335221277561235e-05
#18:,0.0001084772133148117
tun,2.6571798173682545e-06
weizenwampe?,4.122120545463649e-05
warnung,0.00023665783196075927
racist,0.06962620818911794
realität!,7.632526972215983e-06
be,0.0030668221573170625
(explainity®,0.00011882251815109769
real,0.01604322929299331
'i,0.016505849113174337
fernsehen:,9.853058715487491e-06
götz,9.399460017396303e-06
faces,0.005198715697596849
(zdf),3.5064060794896476e-05
erkenne,5.2165884355365854e-05
zdf:,3.997702965344467e-05
(euro-krise,7.399015176068593e-05
imagine,0.12799642028314975
icke:,3.492506567814207e-05
deutschkurs,0.004488182831122754
zustand,7.869089880682375e-05
hölle,4.681626742272091e-05
europe,0.1234089318823431
sondern,0.0002431682276245434
gunter,1.2598381777626828e-05
verkäuferin,0.00034255787240345645
massen-einwanderung,0.00013293153953910892
wirklichkeit,3.5532915054582655e-05
test!,0.001532616433405672
hai̇n,0.00011454621472978063
gericht,0.002775828761129649
us-besetzt,5.879968056182949e-05
machen,4.590907002653854e-06
paris,0.0002466268329443687
herbert,0.00022982853855755978
ozean“,2.5999545107630285e-05
eindrücke,1.464533913119528e-07
brainfaqk,5.518716357613466e-05
wer,0.0012872473791382506
xavier,0.016405443787005678
grosses,6.875986722096184e-05
rivers,0.00011466554712270149
@,0.043123191579455065
20.4.2015,3.494337235205607e-05
(zns),0.0001087491013236825
supermarkt,0.00034255787240345645
entropie?,8.63180015793615e-05
kifft,0.00014431829071361325
illusion,6.658510216247531e-05
(vera,0.00019515660219773464
bruno,7.992558225857868e-05
entsprungen,0.00013081881376444206
packt,0.00010737643979261283
eu,2.689521607949644e-05
deutsch],0.0001308994987346556
"invasion""",7.298735284517491e-05
hoch,7.207405322435455e-06
series,0.0005820593410455228
(17.12.2012),9.90865676218925e-06
final,0.06231528133779868
soundtrack,0.5000910167145506
wir,0.00013095848690615624
?,4.532370847793058e-05
sexismus,1.4779588073231235e-05
sweater,0.07395148603130469
popp,2.2449406418234985e-05
w.,7.198003376326539e-05
jillian,0.02097096689121538
im,8.623938835208064e-05
blau?,4.2493858304138965e-05
3,0.0003014546432918213
marxismus,3.612788195678746e-05
empathie,4.152089248685817e-05
2/2),2.1596451018834816e-05
highlights,1.464533913119528e-07
zu!,7.051459581686615e-08
jan,0.0017259456453326463
lyrics),0.08000487931169954
1/6,6.218844931079774e-05
jein,0.00019442908141589332
sieber:,1.937252915076442e-05
ziegler,0.01607795501933328
[3sat],0.00041195033691189076
marcus,3.612788195678746e-05
#goldinitiative,6.875986722096184e-05
lieben,0.00016197948486589911
126,1.9323711353660438e-07
ionen,9.977069480630806e-05
masse,9.64368460790818e-05
بيير,0.00013436013812936025
dialog,8.456327298345719e-06
amnesty,1.0302589263820013e-05
adressen,5.3589736770898724e-05
liveworship,7.41569459007912e-05
(constantin,0.00039035931009273416
lust,0.0043140836501008315
177,3.213160284385853e-06
würfelspiel,0.00038407876489031465
major,0.00018791461760235054
sido,0.0010335839607847504
trucks,0.00731864345338648
gar,5.000434078359499e-06
seite,0.00022819269033793645
vega,0.012473701801848211
genauso,7.815322501372014e-05
camp,2.712099839110237e-08
lyrics,0.009179413796950094
teaser,0.003535715742450912
frei?,6.968672734097775e-05
"936,",0.006808706305337456
midnight,2.2254813254778825e-05
vogt:,2.6521624326659008e-05
armin,2.4982507667963947e-05
interpretiert,0.0004403107649294665
"atome,",9.977069480630806e-05
org,3.051112318999016e-08
fußball-die,0.000960591861764857
christof,1.1381326974826109e-05
froböse),6.696852527722952e-05
freundin,0.003931131762693667
truth,0.004213111495065798
albrecht,3.1867173109545284e-08
freddy's,0.028452192593657
byron,0.00016197948486589911
will,0.004905751282851362
kawusi,0.0004265332977467865
glp,0.00018516590441541232
featuring,0.010366613804721888
from,0.04029346932637253
unmenschliche,4.1495805563346404e-05
aber,0.0034502723930696635
cern-experiment?,0.00022898462349095662
window!,5.200451441493879e-07
will.,5.3589736770898724e-05
univ.-prof.,2.5080821287131694e-05
:,0.15006546707290505
discover,0.01521451057380535
#15,7.051459581686615e-08
mehr,1.7762784892092534e-05
huber,2.1968008696792918e-07
charlie,1.0
rundfunkchor,0.00019752833350703656
frauentausch,0.0055636795828211145
"""das",6.331397074402848e-06
total,0.0013763099833782317
7,0.5000671800690647
pol1z1stens0hn,0.00799267620220087
#thesimpleshort,4.149512753838662e-06
gesundheitsschädlich?,8.912638096276015e-06
teil1,2.1893425951217388e-05
wiz,1.0
someone,0.08000487931169954
part,4.068149758665356e-09
#twitterstar,3.8153142511643036e-05
song,0.028452192593657
claas,0.006808706305337456
flüchtlinge,3.956275640302058e-06
medizin,3.3670945510873515e-05
sara,0.02950474565874145
schutz,5.879290031223172e-05
combat,3.090098754186226e-05
it,0.035042230764278995
sie,0.0005558674628576356
"machbar,",9.399460017396303e-06
straftat,2.4482803272607885e-05
rath,0.00010063924477978311
volk!,5.0998325374628894e-05
cia,7.514143814238822e-05
komplett!,5.6903244749331655e-05
cover,0.004818319286263086
frau,0.002678371939502742
hankel:,1.652007814498023e-05
real?,0.005161898264255968
erklärt,8.00340662521431e-05
hamed,6.844255153978594e-05
nur.,2.4705195459414924e-05
music,0.01301334729153485
wende,1.5109786228642908e-05
saison,0.00011531712910904772
2.,2.2423641469763438e-05
heilbar!,0.0001278138071427079
whats,1.7954100934909768e-05
interview,2.843704483803061e-05
tot?,0.00014641609993916503
bitcoin,1.92674352819989e-05
movement),0.5962294192591869
kampfsport,3.090098754186226e-05
akif,5.251303313477196e-05
strom?,3.437925558552114e-05
polare,4.965108977955088e-05
tall,0.001314883634122224
putin,5.644580390980173e-05
wunderkerzen,0.0013731049593933631
28,4.068149758665356e-09
philosophie,2.3164044725840534e-05
dem,0.00011722821026067675
solidarisch,1.059753012132325e-06
you,0.36032254875917846
xpert:,5.147294284647318e-05
tries,1.8197511895469913e-05
wars,8.166132615560924e-06
|,0.000626086170040173
in,0.0026842668443708547
soziologie,3.090098754186226e-05
gegen,0.000391322953066818
internet,2.0766548468067083e-05
openstreetmap,8.30973830204181e-05
myself,0.006810015910547267
28.10.2015,0.00021569262217947737
become,0.00011002785639782297
january,0.0007388444766945661
"verdammt,",0.0001939314110954166
vegane,3.494337235205607e-05
rücktritt,7.084750607211695e-05
krishnamurti,3.636586871766939e-05
innovate?,0.00011002785639782297
kirche,0.0001150879566726429
neighbourhood,0.07395148603130469
toleranz,2.2795199147721542e-05
schäuble,3.5064060794896476e-05
syrien!,3.814365016220615e-05
gabalier,0.004861854590905443
vollendet,5.3306322337711706e-05
glenn,0.00021436640535815244
gahleitner,2.5080821287131694e-05
hoodie,0.010112902288972804
plötzlich,5.179364865244797e-05
psychologie,3.776124408489161e-05
reaf),0.003197225341781161
daemon:die,0.00012826265966608066
slubcast,1.1153510588340848e-06
globalisierung,0.00011882251815109769
"""mülltauchen""",2.4482803272607885e-05
wachstumsparty,1.3744243959650903e-05
braucht,0.00026818938271521467
ніс,5.424199678220474e-09
sync],0.002455533838280489
popp:,1.121995703439905e-05
medien,7.930518942038221e-05
و,0.00013436013812936025
libertarismus:,3.612788195678746e-05
radiocarbonmethode,1.832023441318965e-05
multi,6.444423835197768e-05
(newdokus,1.222818014958828e-05
hochbegabt,2.6259228667225092e-05
starbomb,0.01766156299786398
ros',0.0001499486099796061
babo,0.005883969307478917
(hd),0.0163853871306705
"""impfen",6.211522261514176e-05
„wirre,4.914460513459705e-05
geben,1.9323711353660438e-07
agenda!,3.492506567814207e-05
glass,0.0008858036746265129
nwo-gesetz,3.6213991126679216e-05
nie,1.5585759750406753e-05
treibt,5.0998325374628894e-05
kulti,6.444423835197768e-05
loriot,0.0007032346058070487
five,0.028452192593657
an,0.0014813485554414781
grebe,0.0027725050827768194
(offical,0.014768104364487483
jbb,0.009753001216123196
metin2,1.6340401530639178e-07
"grün,",0.0038061751527314618
kleiner,0.00013293153953910892
sport,3.090098754186226e-05
konstruierte,4.7474629658664916e-05
do,0.012000044413346966
xvi,3.997702965344467e-05
vogel,0.00011143848732664018
hart,0.00014730160053663452
bausch,3.2810305828595866e-05
"gewollt...!!!""",0.00011403566193506813
v0.9,2.3591200450500394e-05
laschet,1.5585759750406753e-05
1971,0.0012465482105260828
deutschland,0.0007488311628292097
geldsystem,0.00012406500714009778
schule,0.001314883634122224
(csr)?,4.760752255078132e-05
hab,0.00799267620220087
bye,0.014671540049715963
singers,0.0001499486099796061
depression,0.00013798350351441153
"sagt,",0.0002431682276245434
gratis,0.00034255787240345645
sugar:,0.004213111495065798
english,0.00039035931009273416
verbietet,6.0099454409723074e-05
noch,6.654792379384751e-05
tawil,0.014108191485460463
bist,0.0019131450596065914
lebensentstehung?,5.014672602514828e-06
selbstversorger,2.6844364207513123e-05
schiffsverkehr,0.0004805312055434713
experiment,0.003393471869101738
eine,8.27517484967555e-05
jiddu,3.636586871766939e-05
chelsea,0.018276216354775932
носок,5.424199678220474e-09
rammstein,0.004593409863990376
3sat.,2.2825032245951754e-05
barcamp?,1.593968877941064e-05
announcement,0.0066124275718312895
extrem,3.804059036831996e-05
sheldrake,2.524286925251853e-05
—,8.030968339829266e-05
seeed,0.022043054533415977
magic,0.06792344817230568
boi,6.929618496414588e-05
geteilt,3.29906604678967e-05
wurde),0.019202277761389237
(hbo),0.005198715697596849
v,0.0004298635303408939
mainstreams,0.00011569343296172426
reimende,0.002492903861963589
friedrich,0.005401988597575601
autonom...,9.960186659132344e-07
burn,0.5106186234778219
12,1.4731448301087028e-05
dick,9.718470760971645e-05
russland,0.0001293817398621935
logistik?,1.5188437123977104e-05
methoden,0.00013472627160764013
18.6.2013,2.546797353916468e-05
hildebrandt,0.00012598178370138894
(was,0.019202277761389237
berndt,0.00014319751545510096
laterne,0.004162928833717781
don't,0.02217217421663122
(definition,4.279354533636065e-05
info,2.7224736209948336e-05
deutschland],6.211522261514176e-05
gesundheit,1.8891809454282132e-05
east,0.011224967638851805
(1),1.8785359535597055e-05
otte,2.9860219228603707e-05
katzenberger,0.0015378826532682643
asyl,3.956275640302058e-06
"friedman,",2.7224736209948336e-05
dueilv,9.718470760971645e-05
past,0.0031109920933217717
sahra,1.49558745627734e-05
29.03.2015,2.3164044725840534e-05
rebellion,0.004454755522580761
bitter,0.004213111495065798
fairer,9.831361916774608e-06
ii,2.6510775927302566e-07
beste,5.6303870684888296e-05
aktivierungsenergie?!,2.3628491823288162e-05
existiert,0.00018494419025356506
hörstel:,4.7537685979924234e-05
engl.,2.2254813254778825e-05
drink,1.8197511895469913e-05
fairtrade?,8.709908633302526e-06
shoot,1.2229536199507835e-05
frei,9.573712432059135e-06
international?,1.0302589263820013e-05
opfer,0.001314883634122224
29.01.2009,9.399460017396303e-06
daniela,0.0015378826532682643
igh,4.0817102578609065e-05
handel,9.831361916774608e-06
hämer,0.006753243185602692
she,0.009179413796950094
harvey,2.7224736209948336e-05
ladykracher,0.004488182831122754
gespräch,5.0426580827296464e-05
schöpfung,5.3306322337711706e-05
youtube,1.0855179606038724e-06
gio,0.009753001216123196
hier,7.328568382747704e-05
(brigitte,0.0044489353563260305
furious,1.0
ganzes,0.0017937455422147228
8,4.068149758665356e-09
schwester,0.00201477218675277
chris,0.001314883634122224
2030,2.383935758577898e-05
الداعية,0.00013436013812936025
"(domingo,netrebko,villazon)",0.0017937455422147228
(michael,0.00012774871674656925
dogg),0.16792359543932694
hasselhoff,0.014577694615033152
andreas,0.0016718710981146743
für,0.0004978407081491206
es!,0.0001389510451320141
vision?,7.79728703744193e-07
ngm,3.29059073479245e-05
"werner,",9.399460017396303e-06
jung,3.0049727204861537e-05
windows,4.581007838241101e-05
unseres,3.872946372745396e-05
system,4.817367339219558e-05
1.,3.7122544572781144e-05
elsässer,4.1039155752936215e-05
immortal,0.006396204056108306
drogenbeauftragte,4.050995727182983e-05
jüdin,0.00018476858178898266
"finanzkrise,",1.9871555521160705e-05
"schüler""",1.0170374396663388e-07
musste,0.00011466554712270149
k.i.z.,0.0004403107649294665
lebens?,6.218844931079774e-05
#stopacta,0.002455533838280489
fallout,0.00642777154218563
blogger-interviews,7.90577103100634e-07
//,0.005998425118880726
apr.,0.0012216307932542574
israel-lobby,3.268961738575546e-05
abgesagt,1.4238524155328743e-08
bricht,1.1335221277561235e-05
living,0.028452192593657
see,1.0
forum,2.7224736209948336e-05
intelligenz,1.8785359535597055e-05
gesund?,3.494337235205607e-05
over,0.02217217421663122
youtuber,0.00045006279792594715
choices,0.0033851216527095974
fakten,9.272601547421922e-05
6:,0.005198715697596849
alarm,1.4238524155328743e-08
(das,0.01877925934503394
stereoact,0.004237302069580741
"verfassungswidrig.""",0.0002643443031683161
macklemore,0.5812815806482369
sie!!,0.0001939314110954166
episode,0.0066124275718312895
noam,3.804059036831996e-05
michael,7.194878811303564e-05
organisiert?,3.2884210549211623e-07
xpress,6.554738496153575e-05
5,0.00035194580599653654
peter,0.0007646821998451294
samenbank.,6.217285473672285e-05
powers,7.207405322435455e-06
tag,0.00989549155154525
is',0.016505849113174337
oberstleutnant,0.00028234789992528963
"lüge""",0.00028234789992528963
"""die",6.416082391879065e-05
wdr:,0.00012826265966608066
"regierungsjournalismus""",3.956275640302058e-06
geplant!,3.492506567814207e-05
oliver,3.612788195678746e-05
robin,0.014768104364487483
hoffnung,5.734057084838818e-06
verrückt,9.853058715487491e-06
quran,0.004881148469160873
"wader,",0.00028853148755846096
ist,0.00031353765036318655
click,5.200451441493879e-07
kraft?,6.698547590122396e-05
brid,4.0817102578609065e-05
nocturnes,0.0044489353563260305
24.nov,0.00018494419025356506
flat?,0.005921577091914578
keynote:,3.565190843502362e-05
düse,0.00018760950637045063
ros,0.00014667872160691888
hallihallo,0.0004685403341298052
verkehrt!,1.4300902451628278e-05
m/v,0.16792359543932694
fliegerlied,0.00989549155154525
kreativität,3.565190843502362e-05
hulapalu,0.004861854590905443
hiv,6.762146331349531e-05
":""neuer",8.364319311303904e-05
neubauten,4.4694049298617146e-05
die,0.0006190030764770732
joan,0.00011466554712270149
brit,0.08000487931169954
bahnhof?,8.746250771146603e-05
on,5.200451441493879e-07
swks2,8.166132615560924e-06
unbewusste?,1.2238350523984943e-05
echt,1.5991896701313513e-05
"polizei-,",0.00023805185127806193
geldschein,1.5991896701313513e-05
kettenbagger,0.006808706305337456
gates,6.0099454409723074e-05
periodensystem?!,8.162742490762036e-05
funktion,6.562264573207107e-05
andersdenkender,3.6213991126679216e-05
türke,0.0004265332977467865
merkel,8.379906351768123e-05
janich,3.612788195678746e-05
pädagoge,5.174618690526354e-05
why,0.00021436640535815244
"""all",0.010112902288972804
nero,0.02785285243046163
duet,0.018276216354775932
unser,2.0197459518493786e-05
awesome!!!,0.02950474565874145
930,0.006808706305337456
lexion,0.006808706305337456
king's,0.0001499486099796061
bewusstsein?,1.1381326974826109e-05
"flüchtlinge,",0.0004403107649294665
lloyd,0.0009627669658358234
über,8.324835657812857e-05
schön.,0.000514290068290796
singer,2.1810028881164746e-05
hans,0.010366613804721888
obama,9.667822296476262e-05
(2015),0.0027344950035316897
frage,7.298735284517491e-05
let´s,7.3118211662411985e-06
gut,0.0002074885201661689
geldgeschichte,9.90865676218925e-06
science,2.546797353916468e-05
erklärt:,0.00028234789992528963
"vorbereitung""",8.364319311303904e-05
unsterblichkeit,3.969971744489565e-05
quarks,9.853058715487491e-06
naiv,1.958949713789324e-05
holger,3.4521640827074426e-05
aufgegangen,0.0001560704973414377
dave,2.2254813254778825e-05
engineer,1.8197511895469913e-05
fußballfloskeln,0.0022194611418600175
pcr-methode,0.00012028094983957923
wochen,0.0001278138071427079
schöner,0.00989549155154525
"""merkel,",7.865089533419687e-05
überwinden,0.00013798350351441153
koran,7.804033385791717e-05
was?,3.1161349126416845e-05
campbell,1.070872621472677e-05
v.a.,0.009100037414908935
xp:,4.581007838241101e-05
chemtrails-,6.0099454409723074e-05
short),0.00014319751545510096
(audio),0.013511554607779721
himmel,4.2493858304138965e-05
paul,0.0005395121447778813
leonard,0.0001278138071427079
one,5.5328192767768385e-05
besten,0.000960591861764857
immigrants,1.4422946944388239e-05
(tdi),1.213664678001831e-07
song),0.003216046636639626
das?,0.0002636411912850268
nichts,0.01877925934503394
draußen?,0.00021407892277520676
gesetz,7.713822164893314e-05
eigentlich?,2.5080821287131694e-05
ötzi?,1.832023441318965e-05
(feat.,0.07117980718974386
dream,0.02217217421663122
alle,0.0038061751527314618
had,0.16650793356530819
lovely,0.009179413796950094
prof.,3.969447405187337e-05
unplugged,0.014671540049715963
philipp,0.001244520746390108
"energie?""",8.456327298345719e-06
fpö,2.1113697247473195e-06
eva,0.16096383873345024
est,3.090098754186226e-05
megaloh,0.0027518266775535235
augenbling,0.022043054533415977
matters,0.00021436640535815244
kebekus,0.0019131450596065914
„mutter,8.98505116198026e-05
2008,0.03369114703854177
pseudowissenschaft?,5.2165884355365854e-05
як,5.424199678220474e-09
hund,9.203714211508522e-05
!,0.00012980109829981593
(16bars.tv,0.009100037414908935
nuoviso-talk,0.00013293153953910892
oktober,0.0003688815134418604
qie-der,0.0003359166179224353
animated,0.01766156299786398
stift,1.5991896701313513e-05
beispiel,4.203551343132934e-05
liquid?,0.0008858036746265129
co,9.853058715487491e-06
»die,4.2553524500599397e-05
leyen?,1.3496086824372317e-05
fussball,0.0006216831196949234
einzigartig,1.8785359535597055e-05
offizieller,0.0005680176701368495
max,0.0009657934432479506
wissenschaft,8.456327298345719e-06
"europas.""",7.865089533419687e-05
2016,0.0003884940634283861
rtl-mitarbeiter,0.00015595319902339617
oenergy,1.6340401530639178e-07
konferentzz,0.00018203342910123998
"will.i.am,",0.04522142863875645
antimaterie?,2.898760110536999e-05
texte,0.0004403107649294665
(csr):,9.832717966694164e-06
goulding,0.5106186234778219
kinderlieder,0.003984551993224622
(fnaf2),0.028452192593657
verarscht,0.00045006279792594715
lacht,0.004237302069580741
meine,0.004130465337656111
schattenz,1.6340401530639178e-07
wörtlich,0.0022194611418600175
off,0.0007734393442172965
katze,0.00011922662102712512
(swing/jazz,0.0037335512212647278
fakt,2.844314706266861e-06
zdf,3.956275640302058e-06
unterricht?,3.74079930808475e-05
friedensprediger,6.844255153978594e-05
april,0.00014905022690790085
marc,1.4731448301087028e-05
istrefi,0.013002772814262159
"projekt,",1.8760950637045062e-05
griff,3.268961738575546e-05
kleider,0.0038061751527314618
psy,0.16792359543932694
allem,5.646456260035558e-05
zwischen,0.00016216628074231784
marktwirtschaft?,4.052148369614605e-05
farce,3.814365016220615e-05
acta?,0.002455533838280489
auto,3.3326960847946366e-05
ing.,6.00018188155151e-05
g-eazy,0.013511554607779721
bewusst.tv,2.8407211739800397e-05
quantensprung,3.8787095849035055e-05
-,0.020168496875053742
усик,5.424199678220474e-09
lösung,7.405908429826332e-05
1935,0.00038407876489031465
vater,6.217285473672285e-05
geht,2.1876136314743058e-05
weather,0.07395148603130469
personalisierung,2.0766548468067083e-05
faschismus“,5.251303313477196e-05
sophie,0.00731864345338648
politiker:geldsystem,6.875986722096184e-05
boy,0.001858459973513172
donald,0.0001855828897656755
einfach,5.940544743303647e-05
geekchester,0.00019442908141589332
wollt,0.0001939314110954166
mitsingen,0.003984551993224622
matt?,0.022640951859496945
swr1,1.610919501935503e-05
dritte,5.174618690526354e-05
unterscheiden,4.965108977955088e-05
symptom,4.1495805563346404e-05
verhandlungen:,3.7122544572781144e-05
hours,0.01607795501933328
or,0.012000044413346966
neues,0.00021688018289652775
sieghain:,9.08682270844287e-05
arcgis,1.8821972883425044e-06
du,0.008151746146359372
"erklärung,",5.879290031223172e-05
bleiben,1.059753012132325e-06
frühstücksei,0.0007032346058070487
gefahr?,6.3056321259313e-08
rundfunkbeitrag,0.0002643443031683161
naiv:,4.050995727182983e-05
macht,0.00017893383799761687
österreichs,5.879968056182949e-05
russell:,0.0050231214715386165
adel,0.014108191485460463
christoph,3.3455107565344324e-05
boot,0.005367747659081874
gepräch,3.8463677943221154e-05
kidd:,0.0012216307932542574
tee,1.8891809454282132e-05
nachtstudio,0.00010589258216813965
jahren,6.697293243946808e-05
♥,0.01894061775903668
weg!,1.4443287693181566e-05
eyed,0.10661731219924651
socialspace-interviews:,7.32266956559764e-08
dner,5.3589736770898724e-05
sports,1.8197511895469913e-05
pispers,0.00026780629861294035
euer,0.0005490063022813266
muslime,6.444423835197768e-05
deutschlands,5.000434078359499e-06
fury,0.016092675619235008
mathe,0.0002752340620473035
kölner,0.00019752833350703656
tod,0.007843220064350382
bibi,0.00201477218675277
geschäftliche,3.7122544572781144e-05
vom,9.536651587757694e-05
bag,1.7954100934909768e-05
koch,1.1381326974826109e-05
law…,0.00013326987399403794
a.k.a.,0.00799267620220087
menschlichkeit,2.0766548468067083e-05
bauer,0.00028675099401408513
meyer:,3.74079930808475e-05
wirklich?,4.938869412011697e-05
bro,0.0022323768393188205
play,7.3118211662411985e-06
golfstrom,5.1478367046151405e-05
04.12.2015,1.49558745627734e-05
[dokumentation,0.0001308994987346556
shindy,0.005362437706609376
la,3.090098754186226e-05
illegal,6.425303531332039e-05
kebekus:,9.718470760971645e-05
have,0.06855184509515232
:d,5.6303870684888296e-05
chopin,0.0044489353563260305
"bushido,",0.0010335839607847504
5.11.2014,2.2795199147721542e-05
mo-do,0.0013083766285832386
tägliches,0.001246166482473728
arm,2.2347024649308573e-05
"""merkel",0.00017145657874118996
schwer,0.0003359166179224353
how,0.26690180857042234
biologische,2.8407211739800397e-05
"talente,",7.593879549508663e-08
intrag:,3.1867173109545284e-08
smash,0.00018516590441541232
klitzke,8.184303684482962e-05
wikipedia,0.00022819269033793645
1/2014,2.8407211739800397e-05
finanzsystem,2.7224736209948336e-05
06.01.2016,0.00023805185127806193
toupet,0.00989549155154525
"klimaschutz""",7.90577103100634e-07
تناقضه,0.00013436013812936025
quicksilver,0.0031109920933217717
richard,0.0005820593410455228
disciples,0.26690180857042234
rexha,0.013511554607779721
glöckler,0.023394317596755067
reich-wie,4.239757875985056e-05
deine,0.0019659557456987056
geh,0.004162928833717781
"smackdown,",0.0012216307932542574
klan,0.0001308994987346556
fußball-länderspiel,1.4238524155328743e-08
explained!,0.00013326987399403794
(07.08.2015),8.903484759319019e-05
einkaufen,0.00034255787240345645
erklärvideo),0.00011882251815109769
vertrauenskrise:,2.6571798173682545e-06
„die,4.269658776711246e-05
11.03.2015,1.5585759750406753e-05
'us-kolonie',0.0001389510451320141
high,2.712099839110237e-08
solltet,1.076161216158942e-05
integration,1.9323711353660438e-07
längst,5.060778299779702e-05
vines,0.0049067544207793525
"wahnsinns,",1.3496086824372317e-05
welzer:,2.3164044725840534e-05
gesünder,6.295936369006482e-05
rente,1.8510081401927368e-07
"""krieg",1.1150798488501739e-05
gestört,0.006753243185602692
(offizieller,0.003216046636639626
ginter,5.6303870684888296e-05
trailer,0.004262369737183653
(neu,0.00028929697773804984
wissen,0.0014462950417015116
"selbst""",0.00011569343296172426
wütend,2.1596451018834816e-05
mensch,2.8685540985789085e-05
reiter?,0.00010063924477978311
rick,0.00018760950637045063
nehmen,0.0007185308488996304
dipl.,6.00018188155151e-05
komplett,3.2665886512163246e-05
einfach!,1.076161216158942e-05
musik,0.0004805312055434713
weimar!,8.706518508503638e-06
kazim,0.0027950304279905497
offenen,2.8630281951567215e-05
aren't,0.0050231214715386165
jar!?,0.0030668221573170625
[hd],0.00894697531431403
"tanz?""",3.2810305828595866e-05
größte,0.0001208165895578035
was,0.00010730198563797794
horvathslos,0.0011076642898650868
فوجل,0.00013436013812936025
„telepathie,2.524286925251853e-05
etwas,0.00019515660219773464
stream,5.200451441493879e-07
dein,0.001362729821458847
want,0.00830793848478608
glaubenskrieger:,6.844255153978594e-05
eure,4.050995727182983e-05
lars,0.02437436809684058
arbeitssklaven,0.00014905022690790085
greenwald:,0.00021436640535815244
hüther:,7.815322501372014e-05
sinn),5.3362598409373243e-05
2010,1.4713141627173034e-07
becky,0.1477892218491824
10,5.72795486020082e-06
entdeckt,1.1723729579513776e-05
akon),0.16650793356530819
(leipzig),0.0004805312055434713
[armes,6.211522261514176e-05
brain,8.937725019787785e-06
deutschland?,2.462739209528045e-05
gesellschaft,9.960186659132344e-07
tombstone,0.028452192593657
legit?,8.166132615560924e-06
wählen,0.00013464355256254725
app,3.3223223029100404e-07
totilas,0.00010063924477978311
"""was",2.0633316563470794e-05
praetorius:,0.00011475911456715079
volvo,0.00731864345338648
comedy,0.001314883634122224
"(""armut",3.8463677943221154e-05
prank,0.0022323768393188205
mainstream,0.0004265332977467865
bushido),0.007883230769243495
"""bildungsidee""",1.0170374396663388e-07
h.c.,2.1968008696792918e-07
♫,0.00038407876489031465
sinn,0.0001528449065994559
bedrohung,1.2183430502242961e-05
fachkräftemangel,1.1082995992523983e-05
anzündet!,0.0013731049593933631
eins,0.0013083766285832386
schlepperkönigin,7.865089533419687e-05
#newworldnextweek,2.383935758577898e-05
lego®,0.02950474565874145
2013,0.0015841087677659947
flüchtling!,0.0019057952690426025
endlich,0.0001939314110954166
"krebs,",7.0704442805603875e-06
wdr,0.000569165611595417
think,0.0009627669658358234
berger,3.997702965344467e-05
während,5.3589736770898724e-05
markus,0.0006717093267834712
annenmaykantereit,0.005524268704009084
"deutschland,",0.00012799144968216964
sharing,2.2825032245951754e-05
abdel-samad,6.844255153978594e-05
diode,5.540480958822325e-05
abdul,0.00013436013812936025
video,0.014880676933312471
bushido,0.014378377651682222
europa,9.949609469759815e-05
cody,0.04522142863875645
foucault,3.606685971040749e-05
xbox,0.0002597161047928745
alpha,0.00010250494346077102
gründung,8.068497021352955e-08
streaming,6.425303531332039e-05
folge,8.524401004307385e-05
medien-,0.00023805185127806193
(3sat),3.469996139149593e-05
aids,6.762146331349531e-05
chaos?,3.636586871766939e-05
ju,5.3589736770898724e-05
mars,0.012000044413346966
(professor,5.3362598409373243e-05
dümmste,0.007734868737669769
böhmermann,0.00298684820927802
cs:go,5.6303870684888296e-05
premiere),0.009100037414908935
(2/3),9.573712432059135e-06
economy,2.2825032245951754e-05
"sterben,",0.00011466554712270149
tier,1.8891809454282132e-05
ein,0.0004002055707158618
viii,0.0066124275718312895
reichen,1.059753012132325e-06
praetorius),0.00012774871674656925
review.,0.001532616433405672
(1/3),0.00014431829071361325
kelle:,4.914460513459705e-05
kopfkino,3.469996139149593e-05
bisschen,0.0002752340620473035
bewusst,1.2238350523984943e-05
alles,0.0016496111318702014
brüssel,2.9860219228603707e-05
dvd-landeskundeclip,2.2101579613869098e-05
geisteskrank!,0.0001855828897656755
jmc,0.00010338321179200289
virus?!,4.843064485195128e-05
deutschland!,0.00022744618485722134
konstruktivismus?,8.004152452670064e-05
zwei,0.0013083766285832386
euro-krise,5.214689965649208e-06
(rock,0.043123191579455065
klux,0.0001308994987346556
gut?,1.6988593392186523e-05
oddity,0.02085827507475059
freier,9.831361916774608e-06
21.06.2014,2.7224736209948336e-05
(teil,0.00011818630473050641
freiheit,4.22764383003703e-05
regional,2.6510775927302566e-07
awards,0.08000487931169954
#22,0.00010338321179200289
haider,2.1113697247473195e-06
allwissend,0.00013464355256254725
wind,8.912638096276015e-06
wacht,0.0001939314110954166
04.06.2015,2.9875135777718815e-05
nightwash,0.0006629504308468247
horvath,0.0011076642898650868
zweite,1.5109786228642908e-05
spaß?,0.0004685403341298052
unendlichkeit,0.00011110252595907041
complete,0.0044489353563260305
"""tornado-einsatzes""",3.814365016220615e-05
toten,0.017986267117026576
musikvideo),0.0033851216527095974
benedikt,3.997702965344467e-05
purer,5.251303313477196e-05
grundeinkommen,1.317419447471792e-05
wichtigste,3.2377725904257783e-05
thrones,0.005198715697596849
island,0.02950474565874145
israel:,1.958949713789324e-05
spezielle,5.7303279475600414e-05
believe,0.0050231214715386165
cover),0.0037335512212647278
anfang,0.0003846370054405315
blutes,6.562264573207107e-05
my,0.048892951967020856
dieses,8.166132615560924e-06
schmerz?,2.6788766160811364e-05
"gut,",0.0008437871458940573
bezahlbar,3.3326960847946366e-05
getreide,4.122120545463649e-05
fury),0.014577694615033152
"radolfzell,",1.4443287693181566e-05
öh-ha?!,3.2884210549211623e-07
editor,1.0855179606038724e-06
),0.005539868702283646
gangzta,0.00018203342910123998
„relativ“?,5.7303279475600414e-05
"beweis,",8.851683652392014e-05
weltkrieg,4.462760285255895e-05
magazin,0.00298684820927802
maischberger,1.1235551608473933e-05
seit,4.467551661638323e-05
fandub,7.207405322435455e-06
hörsaal-slam,0.006120233658954684
fliegen,6.0968682408157905e-05
crowded,0.02217217421663122
go!,0.01521451057380535
proving,0.010124469394786608
kampf,1.0570409122932147e-05
anders,0.00021111527567601907
unge,5.3589736770898724e-05
gender-mainstreaming,4.914460513459705e-05
yu91,7.3118211662411985e-06
like,0.04496118638659479
(würden),4.590907002653854e-06
aller,0.0005540504689695917
"paul,",3.3223223029100404e-07
hannover:,1.4238524155328743e-08
pierre,0.00011143848732664018
scheiss,0.0021033439432984326
bob,8.364319311303904e-05
pokémon,0.01521451057380535
ellathebee,1.7954100934909768e-05
»,0.0002752340620473035
earth,0.005921577091914578
true!,0.0030668221573170625
"""bad",0.050744984738532804
reden,5.3589736770898724e-05
foreigner,0.016505849113174337
jürgen,3.0261610004792024e-05
heartbeat,0.06483286463027321
er,0.000768414694961802
treibhauseffekt,0.00010041549654305652
subtitles,0.00039035931009273416
zedd,0.3904909933883223
to,0.007164125904412917
nur,0.002413645456265431
#geld,0.00014905022690790085
shop,0.5812815806482369
hayat,0.0027362877015253413
sommer,0.017324638156826357
sache,0.00012799144968216964
watzlawick,4.032689053268989e-05
bushido-co-autor,3.612788195678746e-05
wehrt,0.00034255787240345645
(official),0.0013651822377383624
leider,0.01649017521017916
plan,7.514143814238822e-05
[juice,0.0027518266775535235
tiberius,1.222818014958828e-05
#ziek,7.90577103100634e-07
nervensystem,0.0001087491013236825
tower,0.001314883634122224
außer,0.00013293153953910892
bedingungsloses,1.598104830195707e-05
sex,0.16650793356530819
straße:,5.2292675022844255e-05
sucks,6.929618496414588e-05
zecke?,0.00032180081628482626
"diktatur""",2.9875135777718815e-05
merkels,0.0001208165895578035
remix),0.02785285243046163
katie,0.00016197948486589911
transzendenz,6.696852527722952e-05
phase,8.068497021352955e-08
coldplay,0.06792344817230568
actually,0.005921577091914578
#30,1.2229536199507835e-05
film,9.231648839851358e-06
aachen,0.00010063924477978311
wasser,3.611499948255169e-05
water,0.001532616433405672
brot,0.002778433394012635
royale,0.00298684820927802
mario,0.06962620818911794
awareness,0.003990405382702381
kündigt,0.00015595319902339617
prophezeiung,0.00023665783196075927
kickl,2.2795199147721542e-05
srf,1.980849919990139e-05
entsteht,1.993901900465857e-05
2-6,0.0001278138071427079
"marihuana,",0.0004403107649294665
zdfneo,0.00298684820927802
völker,0.0001236358173405586
94,3.2538417819725066e-05
dvvk,1.2598381777626828e-05
sheeran,0.010112902288972804
countdown,0.1234089318823431
deutschlands!,5.6303870684888296e-05
molare,9.64368460790818e-05
by,0.014497506411106819
besser?,0.0002597161047928745
(doku),0.00011338170686136267
log,6.844255153978594e-05
sci,5.147294284647318e-05
den,5.8133012520128205e-05
töten,7.645002631475891e-05
ihr,0.000102346511628503
verbunden,6.696852527722952e-05
look,0.00731864345338648
joi,0.00011002785639782297
auf!!,0.0001939314110954166
keine,0.0015277627239286082
stichwort,2.4482803272607885e-05
"goals""",2.383935758577898e-05
aus:,5.879968056182949e-05
verbucher,1.1153510588340848e-06
joseph,5.163702488673936e-05
km/h?,4.149512753838662e-06
retten,0.0034345679789512954
helft,9.08682270844287e-05
vatikan,4.681626742272091e-05
lanz,0.0003829848846218735
cena,0.0012216307932542574
normale,2.524286925251853e-05
chancen,1.9323711353660438e-07
neo,0.002240245318977039
(interview,0.0003317982943167464
ausraster,0.0015378826532682643
stoff,3.8787095849035055e-05
wahrheit?,1.6078005871205263e-05
perspektiven,9.832717966694164e-06
tasche/,1.7954100934909768e-05
arme,1.059753012132325e-06
schulz,0.007398989750132601
ssio,0.003197225341781161
warum,7.651923701642236e-05
februar,3.814365016220615e-05
vor,0.0013927012367808541
krebs,0.0001702508808564655
26th,0.0007388444766945661
flashmob,0.00019752833350703656
mysterium,8.184303684482962e-05
adrian,0.01607795501933328
again,1.0
zw.,1.4713141627173034e-07
"bedroht,",2.3164044725840534e-05
thilo,0.00014319751545510096
"decker,",1.4300902451628278e-05
zerlegt,0.00013436013812936025
flassbeck,5.214689965649208e-06
kenne,0.01877925934503394
frida,0.004454755522580761
mein,0.00045786652620050697
zapp,2.6571798173682545e-06
"maffay,",0.0010335839607847504
malaysische,3.706491245120005e-05
ah!,0.00032180081628482626
evanescence,0.006396204056108306
entstanden?,0.00012296592868029835
ende,6.193351192592136e-05
lonely,0.02950474565874145
30.09.2015,0.00011970530664872808
supermacht,7.869089880682375e-05
karten:,2.8630281951567215e-05
know,0.016505849113174337
wanda,0.0013651822377383624
mensch?,0.00017529182692617172
umfrage,0.019202277761389237
supraleitung,3.213160284385853e-06
(azk),0.00018494419025356506
"""global(ist)",2.383935758577898e-05
möglich,5.734057084838818e-06
[prinzip],1.92674352819989e-05
than,0.0011204481114692128
nullkommaneun,0.003197225341781161
"gysi,",4.2553524500599397e-05
(peter,1.4300902451628278e-05
model.,0.0050231214715386165
anstalt,0.00024228747320179233
days,0.0031109920933217717
gleichheitswahn?,0.00014730160053663452
kenneth,0.023394317596755067
adventsgruß,0.00019752833350703656
01,3.776124408489161e-05
lüge,0.0001208165895578035
seconds,0.012000044413346966
heilig?,7.393794383878306e-05
istanbul),0.043123191579455065
müller,0.00011403566193506813
bbc,0.0005820593410455228
betrug,7.564487167502307e-05
gefährlich,0.0001780327428260725
wolf,0.00030193468496334376
secretly,0.001532616433405672
ps4,0.00013351396297955784
"16,",0.0012216307932542574
chemtrail,6.0099454409723074e-05
lügen,0.00013436013812936025
pina,3.2810305828595866e-05
laut,0.0004805312055434713
faisal,0.0004265332977467865
"""now-ist""",0.00011002785639782297
khalifa,1.0
dsds,0.001279024928074468
evolution,3.135306068379395e-05
view,5.200451441493879e-07
production,0.0066124275718312895
informatik,4.754311017960245e-05
breitner,0.0015378826532682643
vertrieb,1.2598381777626828e-05
ertragreich,2.6844364207513123e-05
deutsches,0.00015595319902339617
vetrauen,0.0008437871458940573
polen,4.462760285255895e-05
allgemeinwissen!,0.0002752340620473035
that,0.009917493461490031
niemand,0.000514290068290796
#wodubist,7.41569459007912e-05
grün,0.0038061751527314618
herre,0.0027518266775535235
beweisen,0.0001389510451320141
kognitionswissenschaft?,1.2087828982914326e-05
1/2,1.8974528499374995e-05
"liebe"".",4.269658776711246e-05
"kommunikationsform""",2.524286925251853e-05
jetzt?,7.41569459007912e-05
souverän,4.938869412011697e-05
marihuana,0.0002074885201661689
blut,6.562264573207107e-05
störung,3.7080846037754825e-05
chemtrails,7.632526972215983e-06
holy,0.004881148469160873
110,9.55574477062503e-06
schrödingers,0.00014641609993916503
dieter,0.00012598178370138894
michelle,0.00011466554712270149
precht,0.0005441869008672277
puth,1.0
iv,0.0006548042999675773
house,0.02217217421663122
"""zusammen",7.90577103100634e-07
hauptbahnhof,0.00019752833350703656
nieder,0.00014730160053663452
beste?,1.471992187677081e-05
sebastian,0.006753243185602692
zeit?,0.0001638738866035176
russland?,0.00012708086216118837
mond,0.0002017992127286754
anything,0.005161898264255968
wirklich,0.00021523122619434873
bielefelder,0.006120233658954684
schwanger,6.217285473672285e-05
edelgasregel,4.13961358942591e-05
wohlstand,0.0004403107649294665
koffein,1.8891809454282132e-05
drei,0.00012406500714009778
beispiele),4.279354533636065e-05
"ideologie""",4.914460513459705e-05
biba,6.929618496414588e-05
re-edit,1.0855179606038724e-06
pirinçci:,5.251303313477196e-05
hilbert,3.74079930808475e-05
"it""",0.010112902288972804
lass,0.0021372472253621895
adorno,2.1596451018834816e-05
moser:,0.00018791461760235054
mountain,0.0005820593410455228
roof,0.043123191579455065
hört,7.051459581686615e-08
republik,9.17659321311742e-05
freihandelsabkommen,0.00021111866580081795
politiker),2.391529638127407e-05
schuldenkrise,7.399015176068593e-05
dichterwege,3.3223223029100404e-07
agenda,2.383935758577898e-05
"motrip,",0.0027518266775535235
linke,2.2795199147721542e-05
nachdenken,0.0002466268329443687
أكاذيبه,0.00013436013812936025
gehen,0.00013464355256254725
verrät,5.3589736770898724e-05
molekulare,2.1018773753104337e-08
bevölkerung,0.00011403566193506813
„gold,3.872946372745396e-05
ft.,0.3252801198082037
dokumentation,7.693752626083898e-05
dich?,7.051459581686615e-08
ukraine,0.0001732130023994937
(offizielles,0.003450106728971158
bieber,0.5962294192591869
re:publica,2.793462834283544e-06
demokratie?,6.494767188461251e-05
nwo,7.713822164893314e-05
[king,0.009753001216123196
brettspielentwickler,4.590907002653854e-06
teleskop-beweis,1.7474737288347032e-05
gregor,0.0012329703086898973
lecker,0.00019876098288391215
"denkt,",2.1596451018834816e-05
your,0.13544610697656237
1,0.00243202874699988
really?,9.565372725053872e-05
2012),7.1341108242835e-05
finanzierbar!,2.6521624326659008e-05
"mey,",0.00028853148755846096
"physik?""",2.546797353916468e-05
arena,0.00018760950637045063
macaskill,0.008654160743084656
klassische,1.2598381777626828e-05
ungesund?,0.001246166482473728
als,2.6488401103629905e-05
is,0.03997893987576468
wozu,2.2088697139633323e-05
mit,0.00041851420810945907
rap,0.010206694837708752
ausgezeichnete,1.0170374396663388e-07
wirklich!,5.000434078359499e-06
berlin!,0.0005490063022813266
radler,0.00018760950637045063
kein,0.00011363233394470903
"schurkenstaat,",3.804059036831996e-05
"schwul!""",3.997702965344467e-05
glücklich,2.307929160586834e-05
heavy,1.0855179606038724e-06
unsere,3.820433339610624e-05
hall,0.005198715697596849
schmitta,0.00023665783196075927
(bralpha),3.776124408489161e-05
seehofer,0.00011867538673482596
ever!!,0.01766156299786398
medikamente,7.645002631475891e-05
flüchtlingskrise,3.492506567814207e-05
rand,9.17659321311742e-05
falsch,0.00012568311370660692
operation,2.9966669147288785e-05
islam,6.844255153978594e-05
"geben""",0.0001855828897656755
more,0.0009627669658358234
239,3.3326960847946366e-05
unfassbar!!!,0.00026036700875426094
flüchtlingsstrom,4.7537685979924234e-05
eidgenossenschaft/bundesverwaltung,2.965681174067044e-06
richie,0.031682390967257106
schramm,0.0002431682276245434
windenergie,8.912638096276015e-06
elektronegativität,4.965108977955088e-05
hacker!,0.00018516590441541232
nachtcafé,2.103436832717922e-05
soweit!,7.713822164893314e-05
"rassistisch""",3.804059036831996e-05
robert,1.745914271427215e-05
hankel),0.00012406500714009778
goodbye,0.03603868980740361
prix,0.0007077614394510035
demokratie!,3.4521640827074426e-05
pr?,1.0006970381356997e-05
ist......-,0.00019876098288391215
putzt,2.4705195459414924e-05
endet,0.00018791461760235054
feat.,0.06554376091812575
rescuing,0.0005820593410455228
normal?,9.853058715487491e-06
mächtiger,4.590907002653854e-06
bundestagswahl,0.00014523159033443363
realität?,4.7474629658664916e-05
anschauen.,0.0002431682276245434
andrew,9.565372725053872e-05
europa-forum,1.4713141627173034e-07
konnte],1.036428953515977e-05
us,0.00026036700875426094
atlantis,9.276059474716788e-05
jena,4.898052309433087e-06
joel,0.01766156299786398
jeder,6.027935703238405e-05
zinsen:,6.3056321259313e-08
knorpelschäden,2.9966669147288785e-05
ten,7.207405322435455e-06
will.i.am,0.16096383873345024
presse,3.956275640302058e-06
zehn,7.207405322435455e-06
cameron,0.0050231214715386165
komplette,0.0001150879566726429
day,0.010854905683954972
spuren,3.3223223029100404e-07
schwarzer,1.8891809454282132e-05
küche?,2.1018773753104337e-08
spotlight:,3.051112318999016e-08
higgs,1.2204449275996066e-06
g,0.1477892218491824
kausalität?,1.6002745100669952e-05
"nicht,",0.00015595319902339617
"vor,",2.2449406418234985e-05
saurer,1.8068009128152397e-05
hihi,5.3589736770898724e-05
40,2.1113697247473195e-06
isaac,0.00023665783196075927
hin!,2.2449406418234985e-05
beuys,5.163702488673936e-05
überwasser,7.3118211662411985e-06
künstler,5.163702488673936e-05
allen,0.010112902288972804
monaten,7.084750607211695e-05
darwin,1.036428953515977e-05
mit!,9.08682270844287e-05
hd:,0.00028675099401408513
ägypten,8.184303684482962e-05
kritischsten,8.068497021352955e-08
(with,2.2254813254778825e-05
survivor,0.014577694615033152
erklärt!,3.516678157630278e-05
"entsprungen""",0.00019752833350703656
musikparodie,0.0019131450596065914
19.12.2011,6.042965256513474e-05
hauch,0.0006216831196949234
zeit,0.00027202971608739475
"münzen,",9.90865676218925e-06
hannelore,8.98505116198026e-05
kind,3.447790821716878e-05
kampagne,7.90577103100634e-07
kann,7.874920895336461e-05
(rhikozr),7.0704442805603875e-06
notwendig?,2.597581423403807e-05
birds,0.0163853871306705
nummer,6.217285473672285e-05
grand,0.0007077614394510035
spiel,0.00012826265966608066
carolin,0.0010051648836081539
strom,8.912638096276015e-06
symposium,3.1867173109545284e-08
naidoo,0.016405443787005678
and,0.01915535843417263
sendung,0.0007960939661900241
klimakrieg,1.2183430502242961e-05
folter,7.79728703744193e-08
bpk,0.00018203342910123998
natives,1.4422946944388239e-05
lesch,4.351564191852375e-05
paranormal,2.546797353916468e-05
wader,0.0008603777386348544
back,0.00720418809400131
isis,7.514143814238822e-05
matthias,5.6303870684888296e-05
02,4.068149758665356e-09
snoop,0.16792359543932694
welt,0.001535661330495873
centauri,0.00010250494346077102
amani,0.001668345503928823
worden,1.8760950637045062e-05
"ahnung""",0.00019515660219773464
letzte,0.008719977642967702
asyl-debatte,0.00012799144968216964
1),0.0003655558010141515
müller:,0.000178878578963395
wetterkrieg,7.632526972215983e-06
nevins,0.009917493461490031
kohl:,0.00012598178370138894
alpha.centauri.-.173.-.was.ist.ein.higg.teilchen,1.1024685845983112e-06
von,0.001525940234561339
computer,0.00013387738435799863
hochverrat,5.0998325374628894e-05
luftwaffe,0.00028234789992528963
licht,4.688542596861822e-06
trauma,2.5080821287131694e-05
"demo,",1.4443287693181566e-05
"""ist",3.565190843502362e-05
fragt,9.853058715487491e-06
liposome,5.5328192767768385e-05
chaos,3.492506567814207e-05
schuld,4.462760285255895e-05
nachricht,0.00022744618485722134
bürgerkrieg,0.00018674875368401302
"afrob,",0.0027518266775535235
dasding,0.001279024928074468
sicher,1.9871555521160705e-05
princess,0.018276216354775932
sachgeschichten,3.437925558552114e-05
bienenstich,0.00014319751545510096
wahrheit!!!,0.0002431682276245434
therapie,1.1723729579513776e-05
"""physik",0.000514290068290796
zufügen,7.79728703744193e-08
idee,1.937252915076442e-05
neue,4.264234577033025e-05
gottes,8.851683652392014e-05
john,0.003999298810091464
black,0.0539319302048863
&,0.052685239828479676
terschüren:,0.0002643443031683161
belohnung,7.815322501372014e-05
volker,0.00020842826276042058
hell,0.022640951859496945
"""gleiche",4.080150800453418e-05
minecraft,9.666601851548661e-05
tweets,0.01392366292450724
мій,5.424199678220474e-09
verstehen,0.00030326191882210833
wie,0.0012475766425518787
where,0.0506330719727468
deluxe,0.0027518266775535235
thrift,0.5812815806482369
duschen,0.001246166482473728
[hd-doku],2.3583742175942842e-05
"""wie",2.546797353916468e-05
supernova?,3.23167036578778e-05
liegen,0.0021372472253621895
spaß,1.4779588073231235e-05
gerçek,0.0027362877015253413
schlagen,7.874920895336461e-05
2009,0.00014319751545510096
hörspiel,0.00012826265966608066
depressionen,2.844314706266861e-06
fantasie!,0.00014905022690790085
der,0.0006795098601872553
hawking:,0.00012296592868029835
luka,0.012473701801848211
mal,0.0003317982943167464
niko,1.3744243959650903e-05
#1447,7.3118211662411985e-06
gysi,0.0004403107649294665
kunst,0.00045006279792594715
wonder-isn't,0.009179413796950094
raumenergie,0.00018494419025356506
11,9.573712432059135e-06
römisches,1.222818014958828e-05
es,0.00019388521294020267
bill,6.0099454409723074e-05
"gekommen""",1.5585759750406753e-05
umerziehung,3.6213991126679216e-05
weniger,1.593595964213186e-05
axel,8.184303684482962e-05
tabu,9.276059474716788e-05
konzernwirtschaft,2.9860219228603707e-05
fleur,0.011224967638851805
eu-agrarpolitik?,1.720962952907401e-05
david,0.004884198903454913
apple,0.001532616433405672
elsner,8.98505116198026e-05
"ist""",8.706518508503638e-06
jean,3.3223223029100404e-07
wahl,1.4300902451628278e-05
haydn,5.3306322337711706e-05
griechenland,1.937252915076442e-05
homosexuelle,4.080150800453418e-05
bvg,0.0027950304279905497
israel,0.00015595319902339617
part1,0.000137488206281294
(,0.005539868702283646
workingcapitalcheck:,4.990263703962836e-07
samy,0.0027518266775535235
waterproof?,0.001532616433405672
scherzinger,0.06483286463027321
aufregung,0.00011970530664872808
raumfahrt-community,7.32266956559764e-08
fernsehen,0.00015595319902339617
wasserretentionslandschaft,3.358257625778251e-05
abbrecher,7.593879549508663e-08
faszination,3.6352308218473835e-05
alt,1.832023441318965e-05
extremnews,9.276059474716788e-05
gesetze,4.590907002653854e-06
deichkind,0.01649017521017916
hello,0.031682390967257106
brandenburg,0.0027725050827768194
1/3,9.399460017396303e-06
haftbefehl,0.009100037414908935
vergewaltigung,0.0005490063022813266
nah!,5.739176173285139e-05
andersen:,0.02437436809684058
atombindungen,4.965108977955088e-05
"""der",0.00013996503145936143
online,4.1986695634225356e-06
deep,0.1561708328310355
c,0.01766156299786398
scheiße,8.706518508503638e-06
i'm,0.0050231214715386165
erde,3.579124256425791e-05
boah,2.3872580808808083e-05
gewalt,3.382090203114432e-05
raum,2.6483315916431575e-05
junge,0.00028675099401408513
wise,0.04522142863875645
(deutsch),3.358257625778251e-05
einführung,4.203551343132934e-05
rain,1.0855179606038724e-06
lebens,0.0003359166179224353
rainald,0.0027725050827768194
inndia,0.043123191579455065
dream.,0.03586646333132059
(from,0.014577694615033152
finnische,0.00034255787240345645
awesome!,0.0007185308488996304
fendt,0.006808706305337456
kopernikanische,1.5109786228642908e-05
giftig?,4.122120545463649e-05
zymny,0.0004650430813872725
philosophisches,3.469996139149593e-05
x,0.005549765832621519
#oeh15,3.2884210549211623e-07
passiert,0.0013731049593933631
gerecht?,5.478984094970501e-05
wirtschaftsfilm.,1.3823572879944878e-05
cooler,5.179364865244797e-05
landwirtschaft,7.95140211079937e-05
video),0.045029635040359214
(bielefeld,2.2254813254778825e-05
energiewende,3.3326960847946366e-05
space,0.02085827507475059
flachwelt,1.7474737288347032e-05
cigarette,0.018276216354775932
lesch:,6.987623531723558e-05
itech,2.712099839110237e-08
hans-peter,3.404837940514969e-05
1996,2.1113697247473195e-06
version),0.014671540049715963
"versunken!""",0.006808706305337456
tisa?,0.00012006330382749062
gesagt,8.184303684482962e-05
tour,0.0004805312055434713
german,0.0011486927667249064
geheimdienst-chef,5.879968056182949e-05
er?!,1.8068009128152397e-05
"hervorbringt""",1.49558745627734e-05
inönü,0.00011454621472978063
anonymous,0.0014337420875961899
viktor,3.864742270732087e-05
gear,0.0005820593410455228
apple?,5.179364865244797e-05
reflex?!,8.039138540594587e-05
das?!,4.13961358942591e-05
(extended),0.0027518266775535235
birgit,4.914460513459705e-05
"diese""",0.017986267117026576
de,3.090098754186226e-05
co),1.9871555521160705e-05
bestätigt,4.0817102578609065e-05
fragen,4.050995727182983e-05
chabos,0.005883969307478917
(folge,0.0011076642898650868
wahrheit,0.00010296300582318075
reschke,2.6571798173682545e-06
the,0.055793580285835226
guitar,0.062395491690540365
tot!,1.937252915076442e-05
level,0.02267266749402798
usp,5.6303870684888296e-05
celtic,0.01607795501933328
nicole,0.06483286463027321
sagt,5.2292675022844255e-05
ultra,1.0170374396663388e-08
segen,7.051459581686615e-08
folge?,4.279354533636065e-05
k.-a.,4.938869412011697e-05
hannes,0.00039163625710031527
ito:,0.00011002785639782297
dir,4.819367512850902e-05
match:,0.0012216307932542574
cool?,0.00014431829071361325
brechen,0.005362437706609376
kompakt,4.990263703962836e-07
terra,6.554738496153575e-05
vs,0.002660065491597068
weihnachtsclip,0.03178548466239128
moleküle,9.977069480630806e-05
scholl-latour,0.0001732130023994937
abgebrannt?,7.869089880682375e-05
reinhard,0.00028853148755846096
(2014),0.0001236358173405586
justin,0.5962294192591869
"schwer""",0.0013651822377383624
bessere,5.734057084838818e-06
allein?,0.00012296592868029835
wort,8.851683652392014e-05
shower,0.1477892218491824
plus,0.001532616433405672
1000,0.0013731049593933631
#heimkommen,0.03178548466239128
sein,0.0008365407541364347
transe,0.00011466554712270149
universums?,6.95314596251887e-05
doktor,0.00013464355256254725
pispers:,0.00014905022690790085
subtitles),2.2254813254778825e-05
star,0.0066124275718312895
wartet,0.00018494419025356506
rolf,6.696852527722952e-05
syrien,0.00018001427077102243
große,2.904319915207175e-05
urgeschmack,4.122120545463649e-05
militärisch,7.874920895336461e-05
schramm:,3.814365016220615e-05
dürr,3.404837940514969e-05
alligatoah,0.005521881886644427
!!!,3.29059073479245e-05
georg,0.00014065593889337478
treffen,0.0005490063022813266
tyrannei,0.0008437871458940573
(interview),2.6259228667225092e-05
"lernbar?""",3.565190843502362e-05
bestrafung,7.815322501372014e-05
hüther,3.067836934673529e-05
ed,0.010112902288972804
werk,5.3306322337711706e-05
6s,0.001532616433405672
willst,0.014768104364487483
"allen,",0.00013293153953910892
legalisieren?,0.0005490063022813266
lieber,9.17659321311742e-05
trump:,0.0001855828897656755
internet?,6.788046884813034e-05
tester,1.5991896701313513e-05
richtig,5.440472277255135e-06
just,0.06820225791198253
goldreserve,6.554738496153575e-05
man,0.0004956531962213902
1-5,0.00039035931009273416
a,0.00875537190191801
alter,7.514143814238822e-05
1/2),0.0003317982943167464
pic,9.718470760971645e-05
einzige,7.874920895336461e-05
illner,2.9875135777718815e-05
herz,0.0017937455422147228
deutsch?,3.679777061704769e-05
werden,7.505498996001658e-05
sternstunde,2.3164044725840534e-05
schweizerische,2.965681174067044e-06
"heilig?""",4.080150800453418e-05
em,0.00010063924477978311
anna,0.0002643443031683161
pfaller,1.980849919990139e-05
2012,0.002945127864448827
2013),1.222818014958828e-05
driving,0.00731864345338648
hermeneutik?,3.469996139149593e-05
gefährlich?,6.844255153978594e-05
kiez,0.00014431829071361325
geld,5.127371651245855e-05
kylo,1.6988593392186523e-05
detektiv,1.5991896701313513e-05
top,0.0003046420386277356
ionenbindung?,5.439387437319491e-05
(pussyterror,0.0019131450596065914
hauptziel,0.00026036700875426094
kraft.,3.404837940514969e-05
hamer,0.00010103995753101165
über:,0.0002466268329443687
wieder,0.000806268973757246
adhs,3.7080846037754825e-05
elite,0.00013293153953910892
stevie,0.009179413796950094
theodor,2.1596451018834816e-05
lanz1,0.0015378826532682643
ismet,0.00011454621472978063
(monteverdi,0.00011475911456715079
stell,2.2449406418234985e-05
what's,0.0009627669658358234
unpolare,4.965108977955088e-05
harris,0.26690180857042234
"überzogen""",0.00011970530664872808
ard,2.1302866211251134e-05
mythos?,1.1082995992523983e-05
wigington,7.632526972215983e-06
commencement,3.600312536418839e-07
ganze,3.494337235205607e-05
du),0.01877925934503394
calvin,0.26690180857042234
his,0.009813498671184308
ich,0.0066673715956568486
vs...,1.6340401530639178e-07
reicher,1.059753012132325e-06
reif,9.960186659132344e-07
das-ist-meine-familie.mp4,2.2101579613869098e-05
verschollen,3.706491245120005e-05
future,0.00515759009366154
engelmann,0.006120233658954684
mini,2.5080821287131694e-05
heilbar,0.0001298911626153064
gescheitert,7.084750607211695e-05
vogt,7.769047297867196e-05
"""obsoleszenz""",2.4482803272607885e-05
tamera,3.358257625778251e-05
beer,0.010366613804721888
jetzt,0.0001973788290034056
treibende,3.404837940514969e-05
jedes,2.6259228667225092e-05
crazy,0.0030668221573170625
crash,1.405342334130947e-05
jar,0.0030668221573170625
hans-werner,6.042965256513474e-05
whodunnit?,0.003990405382702381
ligo,5.200451441493879e-07
wars:,0.0066124275718312895
am,4.599138225665553e-05
kostenlos-bibliothek,1.8842313632218371e-06
verräter,0.0018012750093930527
00100:,1.8510081401927368e-07
universum,7.199472430406056e-05
würtenberger,7.992558225857868e-05
streitgespräch,1.4713141627173034e-07
„das,5.251303313477196e-05
sagen,0.00011867538673482596
inscope21,0.00045006279792594715
sociologie,3.090098754186226e-05
thirty,0.012000044413346966
h.,5.214689965649208e-06
degradiert,0.00014905022690790085
ganja?,0.0007687670742194693
mit:,3.8463677943221154e-05
marina,0.045439857091648626
fadenkreuz!,3.647503073619358e-05
james:,6.756383119191422e-05
scobel,6.158161697179681e-06
bananenrepublik,7.292440952807558e-05
darth,0.0030668221573170625
cdu,1.5585759750406753e-05
nazi,0.0019057952690426025
uns,1.2238350523984943e-05
amtlich!,6.295936369006482e-05
immer,0.004526309304652646
geld?,1.9871555521160705e-05
paech:,1.3744243959650903e-05
realität,5.3244622066371945e-05
deutschen,5.8272855168082324e-05
roy,0.0012465482105260828
(www.liveworship.de),7.393794383878306e-05
jason,0.009917493461490031
dollar,8.364319311303904e-05
sky,8.166132615560924e-06
null-punkt-energie?,5.147294284647318e-05
era,0.013002772814262159
hosen,0.017986267117026576
09,3.1867173109545284e-08
gott,9.0306483405253e-05
ancient,0.0008002620116260967
"me,",0.006214384430877717
flugzeug,3.706491245120005e-05
nicht,0.0013473019511207405
ende?,1.2598381777626828e-05
claus,0.00018494419025356506
scheiß-ernst?,0.0005490063022813266
genug!,1.8510081401927368e-07
grosse,5.3306322337711706e-05
tore,0.000960591861764857
weltgeschichte,9.90865676218925e-06
oft,0.005524268704009084
bau,1.8842313632218371e-06
1984,0.00010103995753101165
ren,1.6988593392186523e-05
schicksal,0.0018012750093930527
selbst,1.1153510588340848e-06
hypothesis,0.00013326987399403794
#1,2.0766548468067083e-05
angry,0.0163853871306705
schadet,0.00013293153953910892
coldwell,0.0001278138071427079
buchungszeilen:,9.90865676218925e-06
mol,9.64368460790818e-05
[doku],4.7474629658664916e-05
sinnvoll?,2.9966669147288785e-05
martin,0.00209640198474775
post,0.0004685403341298052
deutsch,0.0017959296543315836
drauf!,0.0021033439432984326
knast,0.00014431829071361325
michel,3.606685971040749e-05
'promises',0.02785285243046163
ude-mercator-professur,2.1968008696792918e-07
mieser,0.0018012750093930527
poetryslam,7.404744486978713e-05
kuttner,8.706518508503638e-06
gehirn?,9.573712432059135e-06
"chapman,",8.364319311303904e-05
dieser,0.01403162822897742
real!,0.010124469394786608
4,5.014672602514828e-06
zeyer,3.8463677943221154e-05
phil.,3.4521640827074426e-05
heilungsphase,2.8407211739800397e-05
wm,0.0006216831196949234
zum,0.009057127249279493
"""11.september",0.00028234789992528963
erich,0.0003317982943167464
data,1.213664678001831e-07
swr,2.103436832717922e-05
hartz-iv,1.1335221277561235e-05
praios,1.6340401530639178e-07
out,2.383935758577898e-05
last,0.09665169795031116
waterproof,0.001532616433405672
nights,0.028452192593657
überwachungsstaat,0.000442574012245204
adele,0.08000487931169954
time,0.12799642028314975
kosmos,3.8787095849035055e-05
universum?,2.6318216838725738e-05
prism,3.647503073619358e-05
glück,3.2377725904257783e-05
haifisch,0.004119540660491696
love,0.10914766649865343
leute,1.610919501935503e-05
unterwasser,7.3118211662411985e-06
"erschüttert""",1.748965383746214e-05
sterben,0.00011531712910904772
name,0.004910171327564152
innovationskraftwerk?,3.0036505718145875e-07
kit,8.166132615560924e-06
♪,0.00038407876489031465
